image,username
IMG_0404.PNG,fpartbd
IMG_0389.PNG,nadari_fashion
IMG_0388.PNG,bdmanja
IMG_0377.PNG,emblaze_mb
IMG_0375.PNG,lunettes.bangladesh
IMG_0417.PNG,harllowofficial
IMG_0398.PNG,rueofficial_bangladesh
IMG_0400.PNG,m.browniehut
IMG_0077.PNG,manufactureclub
IMG_0088.PNG,luzzentobd
IMG_0459.PNG,tahliraofficial
IMG_0465.PNG,secretshop24
IMG_0075.PNG,yokaiclothingbd
IMG_0065.PNG,sleek.bd
IMG_0460.PNG,berfin.com.bd
IMG_0463.PNG,erezer.official
IMG_0081.PNG,axarobd
IMG_0040.PNG,themightyfudge
IMG_0078.PNG,indie.dhaka
IMG_0468.PNG,lyonorabd
IMG_0457.PNG,vantage.dhk
IMG_0456.PNG,invernoapparels
IMG_0085.PNG,blacknavy.clothing
IMG_0431.PNG,ccharlotteshopp
IMG_0432.PNG,minimalist_gaming_
IMG_0383.PNG,kaleidoscopecreationsbd
IMG_0397.PNG,dopedrip.bangladesh
IMG_0433.PNG,pause.bd
IMG_0379.PNG,verde_bd
IMG_0437.PNG,homestuffbd
IMG_0386.PNG,ilhamofficialbd
IMG_0393.PNG,klothen.shop
IMG_0408.PNG,ejlifestyleofficial
IMG_0409.PNG,ventureswear.co
IMG_0058.PNG,yokaiclothingbd
IMG_0079.PNG,sleek.bd
IMG_0426.PNG,lyonorabd
IMG_0427.PNG,invernoapparels
IMG_0453.PNG,tahliraofficial
IMG_0462.PNG,lunettes.bangladesh
